ref_name,ref_seq
Nupr1,ACACAGGGATGGGCCAGGCT
Ephb4,GTGTCGAATTGGGTATTACC
Mme,TATGTTTGATCCCAGTTATC
Ephb2,GGTAGGTACGGATAGTGTTC
Hbp1,AATCTGCCATATACCAGCTA
Nkx2-9,TAGGCTTCGCATCCTGTTCA
Brms1,GCCAAGAGGTTCCGTATATT
Ephb6,CCCAACTAACACTCGACTCT
Btk,GGTCACTATTGTACCGGATT
Pparg,TGAGGGAGTTAGAAGGTTCT
Foxd3,GAGCGGCATCTGCGAGTTCA
Ssbp2,CAGTGGAATGGATCCAACAC
Erbb4,TAGCGATATTCTTAAACTAC
Tsc1,GGAATTAGTGACTGGATCCA
Bmpr1a,TGGAGCATACTATCTAGATT
Tbx5,ACTTCGTGGAACTTCAGCCA
Blnk,TTCACGAGGGGCGAGTATGT
Ikzf2,GTGCGGAGCTTCTTTTACCC
Ext2,CCAGATTACAACACTGCCCT
Plagl1,ACTCATTGCGCCTTCAACTT
Prdm1,TCGGGTGGTTTATCCTATCC
Gabarap,ATCCGAGCTTTGGGGGCTTT
Tgfbr3,TATGTTACACGTGGGAGGGA
Runx3,TGGGGGATGTGCCGGATGGA
NC19,ATCGCATAGAGCACTCTCAC
Pou6f2,TCAATCAGCCAATCCTCATC
Nrbp1,ACACTTTTTTGCACCAGAGT
Map4k1,AGATTGGGGCGACACTGGCC
Skp2,AAGCTTAGTCGGGAGAACTT
Nop53,GGTCGTGCGCTCCTGTAGCC
Foxo6,ACGCCTCGTAGTCGTCACTG
Lzts1,TTTTGGGGGTTCAGCTCACA
Prkaa1,GTGTGGATTATTGTCACAGG
Atmin,ACTCGGTGCCGTAGGAATTA
Ext1,GTTATCACCTCAGTATGTGC
Plcd1,CTACTTAGTGTCTTCTTCCC
Sod2,CACATTAACGCGCAGATCAT
Htra2,GTCTAGGATCTCGATATAGA
Hipk2,CTCAAGTATATTCGCCCAGT
Setd2,ACATCGGGAAGATACATACC
Cxcr2,GGACGTATATTACAACCACA
Ets2,TGCCGAGGTTACACAGCATC
Pycard,ATAGCCTTCTCGCAGTTGCA
Trim35,TGTGCTACGACCCGTTCCGC
Ppp2ca,AGAGCGCATCACCATACTCC
Etv6,CTGGGCTACGTCATCTCTGC
Bmp2,CCTATATGCTAGATCTGTAC
Plcb3,GGATGGACGGATTCCGGTCA
Irf4,TGTATGGGTCAGAGATATCC
NC20,ATACTTAGCGACGAGGACTG
Zhx2,TCTACGTATGTGCCGAATGT
Cited2,GCGCCGTAGTGTATGTGCTC
Rnf144a,AATGCCAGTGCATCTTCTGT
Dusp26,ACGTGCTCAACGCCTCACAC
Eed,TTCACAGGGGGAGATACGGT
Cdo1,ACTCGGCGGGATTGCTCTCG
Csnk1a1,AATGGGTATTGGGCGTCACT
Irx1,ACACAACGCCTGCTTATTAT
Rbl2,GCGTGTAGCTCTCGCTCATG
Mob1b,TCCGTAGGTTGCCGCTGCCC
H2ax,GTGTACGCGGCCTACAGGGA
Cdc73,CATTGAGATATCCAAGTAGA
Cdx2,GGACTACGGTGGTTACCACG
Madd,GGATCTATCGGTTGCTACGT
Foxa1,ACACGGGCTTAGGGGCCGGC
Zfp668,GCGTATCCATGCAGCCCAGA
Pias1,ACATCTCACGTCAGCGCTGC
Agtr1a,GCGGTATTCCATAGCGGTAT
Xrcc5,CTACGGAAGTGATATCATTC
Wnk2,GCACGATACATCGCTTGCCC
Egln3,TGTCTGCACGAGGTCGGCTT
Chfr,AATAGATGATATCCCCGCTC
Grin2a,TGTCGGAAGTTTGTCAAGAT
Cyb5a,GGGTGATCCTGCATCATAAG
NC21,CCGTTCTCGCTGTACGGGCA
Limd1,ACCGTTGACCGGGCTTCTGC
Zbtb4,GTGAGCGTTCCTACGTGACC
Bcl10,CATCCGTTATCTTCTGAATC
Nr1i2,TGTATGTGGGGACAAGGCCA
Wnt11,TCGTGTATGCCCTGTCGGCC
Zic1,TCACGTCGCAGGCTCCGGGC
Eda2r,AATGCGTGTCTTTCGGTAGA
Inpp4b,GTTTATTTACTATTCACCTG
Ctnnd1,GATCAGTACTATTGGGCTCC
Gsn,AGCCAATAGTGGAGGTCATA
Ccn2,CTGTGCAGCATGGACGTGCG
Anapc1,TGGTTCGGATCACTATCCCT
Cdkn2c,ACCTGCAGCGCAGTTCTCCC
Tnfrsf10b,ATAATCGTCCAGCTGGCCTA
Ptpn1,AGAGGAGCTATATTCTCACC
Socs3,GTAGAATCCGCTCTCCTGCA
Strada,TCCCAATATAGTACCGTATC
Klf6,AATGTGTAGCATCTTCCAGG
Anp32a,ACGTTGATTGTACTTAGGAA
Cdk2ap1,TCTACTAGCATGGCGACCTC
Zbtb16,GCACTATACTCTAGACTTCC
Lhx4,CCATAAGGTAGAACTCGTCC
Trim15,TGTAGGGTTGGATGGCTTCA
Cul5,AATGGGATAGAGCCGATGTT
NC22,GGTTAATCGTACGGTGTCGC
Zbtb48,GTCGAATGTCCCACATGTCA
Brsk1,GATGGAGTAGCTATGGCAGA
Ncoa4,AATAGAGCTGCTGAGCCTGC
Nr4a3,ATACGGGCTCCCGCTGGCCA
Eaf1,TTACGCTGCCACACATCCCT
Chek1,TATGTTGCTCCGGAGCTTCT
Chd1,TTGCTACCTCATTAAACCAC
Pla2g7,ATTAGATGCCAAGCCAATGC
Ptprd,TACGATTGATATGGGCCCGC
Ptprc,CGATATAAGATTTCTGCTAC
Pcgf2,CCATTGTGGAATGCTTACAT
Cd82,TAGGGGTCCTCTTCTACTTC
Creb3l1,ACGCTCCGTGTTCCACATCT
Spry4,ACCAGAGGCTCCTAGATCAC
Cebpa,ACATCGACCCGGCCGCCTTC
Cul2,GAGTAAGGTTACTGGTCGCT
Rbbp7,TTCATTGGCTAGTGCTGGGC
Nrf1,ACTCGCGTCGTGTACTCATC
Npm1,ACTAGATGCTGTCCACTAAT
Sox7,GCGGGGCCGGTACTTGTAGT
Hif1a,ACACTGAGGTTGGTTACTGT
Kdm5a,ACATAGAGCCATGGCACCTT
Nr4a1,TGGTAGGCTTGCCGAACTCA
Spop,AACTTCACTCTTTGGACAGC
NC23,ATCTTGGGATAATTCGCACT
Ypel3,GAGGTATAGCTGTGCCCACT
Adarb1,TGGGCGTAGCTCATTCAAGA
Cebpd,ACATTGACTCCATGGCCGCC
Nr0b2,CCGCTGATCCTCATGGGGCA
Wt1,GTGTTGGACTTCGCGCCTCC
Slit2,TCTCAAGTGGCTAGCGGATT
Scyl1,ATCGATATAGGCCAGGATGT
Lats1,CACTGGTATGTTAGGTTGCC
Alpl,ACGCACACTCGGCCGATCGG
Twist2,AAGCGCTTGGGCTGCCTCTC
Kdm6a,GGATGGATCTAGGCACTCTC
Pebp1,TACCTGGGTGGGCGTTAGCA
Neurl1a,ACGCTGTCAGGTGGGGGGCT
Htra1,ATACGATGAATCCTGACCCA
Uchl1,TCGGGTTGATCCACGCAGTG
Cdkn1a,GCCATGAGCGCATCGCAATC
Hira,GTTGGTAAATATATTGCCTC
Ngfr,GGGCGTGCACTCGCGTAACT
Nit2,GGGTAAGGTTATCTGATTTA
Galr1,TTGTGCACTCGCGGCGCTCC
Dusp22,ATGTACAAGACAGCTCTCAC
Anxa1,GTAAGTACGCGGCCTTGATC
Slc9a3r1,TAGCCATTTGGACCCTTCTC
Amer1,TTCCGGTGACGGCGGATACT
NC24,GTCGTTCGTTCTGCGTGTGG
